"A", -5.764966740576497, 2.4364516511230327
"A", -4.804138950480414, 2.3441884869924348
"A", -3.8433111603843315, 2.2061237961442757
"A", -2.8085735402808574, 2.205412907702984
"A", -1.7738359201773832, 2.20470201926169
"A", -0.8869179600886916, 2.3643980298234624
"A", -1.7738359201773832, 2.6856180497960427
"A", -2.734663710273466, 2.6404766337739716
"A", -3.7694013303769403, 2.664088285574042
"A", -3.8433111603843315, 3.1908566205717577
"A", -2.734663710273466, 3.1213926643083223
"A", 0.2217294900221738, 3.8292852185981943
"A", -0.8869179600886916, 3.715543067991401
"A", -1.8477457501847745, 3.647500888610553
"A", -2.9563932002956363, 3.579560264721314
"A", -3.7694013303769403, 3.648821110001524
"A", -4.804138950480414, 3.76403581523671
"A", -5.764966740576497, 3.7875966892909734
"A", -4.508499630450849, 4.244748734787834
"A", -3.6215816703621577, 4.083834058326705
"A", -2.660753880266075, 3.9457693674785457
"A", -2.439024390243901, 4.197525431187691
"A", -1.4042867701404305, 4.242616069463956
"A", -2.734663710273466, 4.472537702476261
"A", -3.6215816703621577, 4.610551615578611
"A", -2.734663710273466, 4.83894991621672
"A", -2.660753880266075, 5.411418222440377
"A", -2.734663710273466, 5.846583504002979
"A", -3.7694013303769403, 6.030500499314499
"A", -3.7694013303769403, 6.969431797024424
"A", -2.8085735402808574, 6.945870922970159
"A", -2.660753880266075, 7.586990741524348
"A", -3.695491500369549, 7.74800697347709
"A", -2.2172949002217273, 7.861495235354852
"A", -2.734663710273466, 8.113759076522062
"A", -2.734663710273466, 9.80841556507168
"A", -2.734663710273466, 11.31986594675107
"B", 20.620842572062084, 10.754201858465496
"B", 21.655580192165555, 10.730590206665426
"B", 22.54249815225425, 10.936087743944753
"B", 21.581670362158167, 10.11232037372421
"B", 21.72949002217295, 8.188554696095192
"B", 21.655580192165555, 6.631353565444051
"B", 20.76866223207686, 5.9678407609891515
"B", 21.803399852180338, 5.761023002318851
"B", 20.69475240206948, 4.273235050185338
"B", 21.803399852180338, 4.226671857280683
"B", 20.842572062084255, 3.8609197542357094
"B", 21.803399852180338, 3.6770535366699963
"B", 21.803399852180338, 3.2877405595707607
"B", 21.72949002217295, 2.852676833499771
"B", 20.69475240206948, 2.8991892486586206
"B", 21.72949002217295, 2.4175623296829762
"D", 41.38950480413894, 2.449856976015978
"D", 42.5720620842572, 2.426143768724293
"D", 43.45898004434589, 2.3110306189807215
"D", 44.56762749445676, 2.2873681894348437
"D", 45.528455284552834, 2.172204261945465
"D", 46.267553584626754, 1.9426888508996125
"D", 47.080561714708054, 2.1711379292835264
"D", 48.04138950480413, 2.2391801086643763
"D", 49.00221729490022, 2.2843215246864474
"D", 49.963045084996295, 2.4210659941436337
"D", 46.267553584626754, 2.4007041180751845
"D", 46.267553584626754, 2.6984140417393068
"D", 47.154471544715435, 2.4458963118430628
"D", 47.96747967479675, 2.6514446268681997
"D", 48.85439763488543, 2.742438347353634
"D", 45.15890613451589, 2.5159696010561774
"D", 44.64153732446415, 2.7224319155058314
"D", 43.60679970436068, 2.7231428039471233
"D", 45.23281596452327, 3.1571401973561724
"D", 45.23281596452327, 3.5006516477378504
"D", 46.267553584626754, 3.2022308356324363
"D", 46.19364375461936, 3.45419001032481
"D", 47.080561714708054, 3.3619776239400156
"D", 50.48041389504803, 4.138267801831384
"D", 49.0761271249076, 4.0018279988490395
"D", 48.04138950480413, 3.9109358338552163
"D", 47.154471544715435, 3.8886444034461167
"D", 46.267553584626754, 3.751849156243125
"D", 45.306725794530664, 3.821211557014946
"D", 44.27198817442719, 3.8677239721737955
"D", 43.3111603843311, 4.028689426380733
"D", 46.341463414634134, 4.095309828878996
"D", 45.45454545454544, 4.256224505340125
"D", 46.341463414634134, 4.393019752543118
"D", 47.745750184774565, 4.392054975372794
"D", 48.189209164818905, 4.643658705844519
"D", 44.86326681448632, 4.485638360894367
"D", 45.971914264597174, 4.6222812748599384
"D", 43.82852919438285, 4.623753829488329
"D", 46.85883222468587, 4.781977285421711
"D", 46.267553584626754, 5.034291904334726
"D", 47.302291204730224, 5.0564817792522145
"D", 47.59793052475979, 5.353988591933108
"D", 46.41537324464153, 5.377701799224793
"D", 45.45454545454544, 5.218056566408828
"D", 45.8240946045824, 5.584214891420254
"D", 44.789356984478914, 5.584925779861546
"D", 45.306725794530664, 6.019684839457694
"D", 44.56762749445676, 6.272101013862324
"D", 45.898004434589794, 6.316988541155363
"D", 46.341463414634134, 5.996073187657622
"D", 47.302291204730224, 5.972512313603358
"D", 47.59793052475979, 6.2929198896430325
"D", 48.558758314855865, 6.360962069023882
"D", 48.189209164818905, 7.071139621875053
"D", 47.302291204730224, 6.888542847954502
"D", 46.56319290465632, 6.889050625412569
"D", 45.15890613451589, 6.912916165941674
"D", 44.34589800443459, 6.9363754845043255
"D", 46.267553584626754, 7.32436824021259
"D", 45.8240946045824, 7.530779776916437
"D", 46.19364375461936, 7.94273962864542
"D", 46.78492239467849, 8.19424180362553
"D", 45.38063562453806, 8.080702764001963
"D", 46.119733924611964, 8.56111101707825
"D", 45.23281596452327, 8.653323403463041
"D", 46.119733924611964, 9.271034681200387
"D", 47.302291204730224, 9.865642084595724
"D", 46.267553584626754, 9.79765068296068
"D", 45.15890613451589, 9.79841234914778
"D", 46.341463414634134, 10.278515935749226
"D", 45.23281596452327, 10.393781418730217
"D", 46.267553584626754, 10.576276637159154
"D", 46.341463414634134, 11.3777525769706
"E", 70.87952697708795, 13.605169174523112
"E", 69.77087952697707, 13.262419390328532
"E", 70.87952697708795, 13.124253143988762
"E", 69.77087952697707, 12.712801069717845
"E", 70.80561714708055, 12.620487127841438
"E", 70.95343680709533, 12.002064961662802
"E", 69.99260901699925, 11.682114385335387
"E", 70.73170731707316, 11.567102791083428
"E", 69.03178122690316, 11.110255412061408
"E", 70.06651884700665, 11.109544523620116
"E", 70.73170731707316, 10.834278363602511
"E", 71.61862527716185, 10.925272084087947
"E", 72.50554323725055, 11.153670384726055
"E", 71.69253510716923, 10.581709855960462
"E", 72.57945306725793, 10.420795179499333
"E", 72.94900221729489, 10.649548924358085
"E", 71.69253510716923, 10.192396878861224
"E", 70.73170731707316, 10.467866149862054
"E", 69.99260901699925, 10.537076217396457
"E", 68.66223207686622, 10.560890980179753
"E", 69.6230598669623, 10.239620182461366
"E", 70.2882483370288, 10.193361656031549
"E", 71.1751662971175, 10.00954621621164
"E", 70.36215816703621, 9.89560095462162
"E", 69.25351071692533, 9.942164147526277
"E", 68.44050258684405, 9.988524229447709
"E", 66.74057649667405, 10.081295171036373
"E", 67.33185513673317, 9.76027826204702
"E", 68.21877309682186, 9.576462822227112
"E", 69.47524020694752, 9.55269883718962
"E", 70.4360679970436, 9.506237199776578
"E", 71.32298595713229, 9.414024813391784
"E", 71.1751662971175, 9.688935529188742
"E", 72.13599408721359, 9.77987847192837
"E", 72.13599408721359, 9.527970074981805
"E", 72.8750923872875, 9.939676037981755
"E", 73.02291204730228, 9.550261505390903
"E", 73.83592017738358, 9.710008293698483
"E", 74.35328898743532, 9.98446200978318
"E", 72.8750923872875, 9.206851610500838
"E", 72.13599408721359, 9.047054044447453
"E", 70.80561714708055, 9.070868807230752
"E", 69.77087952697707, 9.186083512465938
"E", 69.91869918699186, 8.750867453157529
"E", 70.73170731707316, 8.612904317800986
"E", 71.39689578713968, 8.772752661600176
"E", 66.88839615668883, 8.615544760582928
"E", 67.92313377679231, 8.569032345424079
"E", 68.7361419068736, 8.522672263502649
"E", 69.77087952697707, 8.430358321626242
"E", 70.80561714708055, 8.269342089673499
"E", 71.61862527716185, 8.497791168057413
"E", 72.43163340724315, 8.52013337621232
"E", 73.6141906873614, 8.542221695638192
"E", 74.72283813747228, 8.564360792809872
"E", 73.83592017738358, 8.267260202095429
"E", 72.80118255728011, 8.199268800460384
"E", 71.91426459719142, 8.10827507997495
"E", 70.95343680709533, 7.994431373876543
"E", 69.69696969696969, 8.06399688563159
"E", 68.88396156688839, 8.087456204194243
"E", 67.77531411677752, 8.1340193970989
"E", 67.03621581670362, 7.9284203043279575
"E", 67.8492239467849, 7.813357932330191
"E", 68.95787139689578, 7.812596266143092
"E", 69.99260901699925, 7.788984614343021
"E", 70.73170731707316, 7.53656843993839
"E", 71.61862527716185, 7.764966740576497
"E", 72.57945306725793, 7.833008919957347
"E", 73.54028085735402, 7.832348809261862
"E", 74.4271988174427, 7.831739476312182
"E", 75.38802660753879, 8.014285472486925
"E", 76.49667405764966, 7.62421082920059
"E", 75.83148558758313, 7.555965538836512
"E", 74.64892830746487, 7.556777982769418
"E", 73.54028085735402, 7.443035832162625
"E", 72.43163340724315, 7.375095208273388
"E", 71.54471544715446, 7.398605304581847
"E", 70.87952697708795, 7.192955434065097
"E", 70.21433850702142, 7.353717777288807
"E", 68.88396156688839, 7.46913559350722
"E", 68.07095343680707, 7.469694148711092
"E", 67.03621581670362, 7.562008090587498
"E", 65.85365853658536, 7.562820534520403
"E", 65.92756836659274, 7.35666288654559
"E", 66.96230598669622, 7.218547417951626
"E", 67.92313377679231, 7.194986543897361
"E", 68.88396156688839, 7.171425669843097
"E", 69.99260901699925, 7.033259423503326
"E", 70.73170731707316, 6.780843249098696
"E", 71.32298595713229, 6.917841607284915
"E", 72.0620842572062, 7.1234407000558555
"E", 73.24464153732445, 7.168429782840507
"E", 74.27937915742793, 7.2135204211167725
"E", 75.24020694752402, 7.235761073780066
"E", 74.35328898743532, 6.686752086119059
"E", 73.46637102734663, 6.595758365633623
"E", 72.65336289726532, 6.367309287249709
"E", 72.28381374722838, 6.55076928284897
"E", 71.54471544715446, 6.390971716795587
"E", 70.80561714708055, 6.574685601123882
"E", 69.91869918699186, 6.575294934073561
"E", 68.95787139689578, 6.575955044769046
"E", 67.92313377679231, 6.599566696569118
"E", 69.77087952697707, 6.30058732925983
"E", 71.02734663710272, 6.2081210541460035
"E", 74.05764966740576, 6.114436113132818
"E", 72.7272727272727, 6.0695485858397795
"E", 71.69253510716923, 5.978656420845958
"E", 71.02734663710272, 5.795907313687989
"E", 70.21433850702142, 5.933870449044534
"E", 69.25351071692533, 6.0261336131751335
"E", 68.29268292682926, 6.026793723870618
"E", 66.96230598669622, 5.82160085306613
"E", 66.00147819660015, 5.776459437044059
"E", 67.70140428677013, 5.660787732096614
"E", 68.29268292682926, 5.431373876542375
"E", 69.03178122690316, 5.6827744960308735
"E", 69.40133037694012, 5.384810683637719
"E", 69.91869918699186, 5.6592643997224155
"E", 70.36215816703621, 5.429952099659792
"E", 71.47080561714706, 5.543694250266585
"E", 72.50554323725055, 5.611685651901627
"E", 73.24464153732445, 5.771483217955012
"E", 74.27937915742793, 5.7707723295137185
"E", 75.3141167775314, 5.861664494507542
"E", 76.27494456762749, 5.861004383812055
"E", 73.98373983739837, 5.473265516832823
"E", 73.02291204730228, 5.382322574093196
"E", 72.28381374722838, 5.245425771398589
"E", 71.2490761271249, 5.177434369763546
"E", 60.975609756097555, 5.3218970565833335
"E", 60.975609756097555, 5.161591713071884
"E", 61.78861788617884, 5.161033157868012
"E", 62.601626016260155, 5.137573839305363
"E", 63.858093126385796, 5.090909090909092
"E", 64.81892091648189, 5.090248980213607
"E", 65.70583887657058, 5.066738883905149
"E", 66.88839615668883, 5.065926439972243
"E", 67.25794530672579, 4.790863390937867
"E", 67.8492239467849, 5.088167092635535
"E", 68.66223207686622, 5.064707774072884
"E", 69.84478935698448, 4.99519304006364
"E", 68.07095343680707, 4.675801018940101
"E", 70.87952697708795, 4.948680624904792
"E", 71.9881744271988, 4.947918958717693
"E", 72.8750923872875, 5.016011915844349
"E", 73.90983000739097, 5.038201790761837
"E", 75.16629711751662, 5.083140095800681
"E", 76.34885439763487, 5.082327651867777
"E", 77.38359201773835, 5.0587160000677045
"E", 78.19660014781965, 5.0581574448638325
"E", 79.60088691796008, 5.125894957769843
"E", 80.48780487804876, 5.1481863881789405
"E", 80.70953436807093, 5.2625378717354145
"E", 76.71840354767183, 4.669860022680728
"E", 75.09238728750923, 4.7625801865235875
"E", 75.75757575757575, 4.53311555322354
"E", 74.05764966740576, 4.694588784888543
"E", 72.65336289726532, 4.695553562058869
"E", 71.84035476718402, 4.581608300468847
"E", 70.87952697708795, 4.6051691745231125
"E", 70.2882483370288, 4.69717844992468
"E", 69.47524020694752, 4.58323318833466
"E", 68.51441241685143, 4.400687192159916
"E", 67.77531411677752, 4.172187336030197
"E", 67.40576496674058, 4.424349621705794
"E", 66.66666666666666, 4.2187505289348515
"E", 66.44493717664449, 4.493712022477617
"E", 65.63192904656317, 4.265262944093701
"E", 65.48410938654841, 4.540173659890659
"E", 64.5971914264597, 4.243073069176216
"E", 63.93200295639319, 4.358033885682371
"E", 62.89726533628972, 4.4045463008412185
"E", 61.86252771618625, 4.428157952641289
"E", 68.7361419068736, 4.011221881823261
"E", 69.47524020694752, 4.23972173795298
"E", 70.21433850702142, 4.376618540647586
"E", 70.73170731707316, 4.147255462839153
"E", 71.61862527716185, 4.306951473400925
"E", 72.65336289726532, 4.3062405849596335
"E", 73.6141906873614, 4.442985054416818
"E", 74.4271988174427, 4.442426499212946
"E", 75.09238728750923, 4.212961865912899
"E", 76.49667405764966, 4.211997088742573
"E", 77.16186252771618, 4.348944669182988
"E", 78.19660014781965, 4.41693607081803
"E", 79.45306725794529, 4.416072849139319
"E", 80.04434589800442, 4.621773497401872
"E", 75.16629711751662, 3.915201164502969
"E", 74.4271988174427, 4.144716575548824
"E", 73.24464153732445, 4.099727492764172
"E", 74.05764966740576, 3.801459013896176
"E", 73.31855136733185, 3.8019667913542428
"E", 72.35772357723576, 3.9858330089199594
"E", 71.61862527716185, 3.9634400230192455
"E", 72.28381374722838, 3.596570809566529
"E", 71.1751662971175, 3.52863018567729
"E", 70.50997782705099, 3.689392528901001
"E", 69.17960088691795, 3.7590088184018544
"E", 69.91869918699186, 3.9646079111727985
"E", 68.29268292682926, 3.7367173879927567
"E", 67.18403547671839, 3.7832805808974115
"E", 65.92756836659274, 3.9444491460875746
"E", 67.47967479674796, 3.439566019532508
"E", 68.51441241685143, 3.393053604373657
"E", 69.40133037694012, 3.140535874477413
"E", 69.6230598669623, 3.575498045056788
"E", 70.36215816703621, 3.3459826340109355
"E", 70.80561714708055, 3.093769570589531
"E", 71.32298595713229, 3.2308187065215552
"E", 72.50554323725055, 3.321609316023764
"E", 73.54028085735402, 3.3896007176588085
"E", 74.4271988174427, 3.3889913847091293
"E", 74.72283813747228, 3.0681775867030012
"E", 73.76201034737619, 3.02303617068093
"E", 72.57945306725793, 2.932245561178723
"E", 71.69253510716923, 2.887053367410843
"E", 70.80561714708055, 2.7502581202078513
"E", 69.99260901699925, 2.8882212555643942
"E", 68.58832224685881, 2.912086796093501
"E", 67.70140428677013, 2.9584976557607376
"E", 66.59275683665926, 3.0050608486653925
"E", 65.77974870657796, 3.0056194038692645
"E", 64.52328159645232, 3.006482625547976
"E", 63.562453806356245, 3.05294426296102
"E", 65.11456023651144, 2.639664189841067
"E", 64.96674057649668, 2.3420558216685574
"E", 65.70583887657058, 2.2270442274165987
"E", 66.2971175166297, 2.638851745908161
"E", 67.03621581670362, 2.4780386249386446
"E", 66.88839615668883, 2.157529493407356
"E", 67.55358462675535, 2.660889287588228
"E", 67.8492239467849, 2.3858770162996557
"E", 67.8492239467849, 2.111067855994312
"E", 68.95787139689578, 2.637023747059123
"E", 68.95787139689578, 2.453817640188893
"E", 68.810051736881, 1.9501024017873778
"E", 69.84478935698448, 2.2471014370102065
"E", 69.91869918699186, 1.903539208882723
"E", 69.99260901699925, 2.5905113319002737
"E", 70.80561714708055, 2.3838459064673927
"E", 70.73170731707316, 2.086186760549076
"E", 70.80561714708055, 1.788426059139148
"E", 71.76644493717664, 2.5892926660009152
"E", 71.84035476718402, 2.1999289111558724
"E", 71.76644493717664, 1.8793690018787785
"E", 72.50554323725055, 1.9475635144970465
"E", 72.50554323725055, 2.4055787816726184
"E", 72.57945306725793, 2.6803371642321565
"E", 73.90983000739097, 2.748125454883974
"E", 73.39246119733923, 2.4507709754404967
"E", 73.6881005173688, 2.084155650716813
"E", 74.57501847745749, 2.1751493712022505
"E", 74.72283813747228, 2.4727577393747566
"E", 74.94456762749445, 2.793216093160238
"E", 76.0532150776053, 2.792454426973139
"E", 76.42276422764228, 3.0212081718318924
"E", 76.94013303769401, 2.860547384099794
"E", 77.67923133776792, 3.0661464768707383
"E", 75.83148558758313, 2.4719960731876576
"E", 75.68366592756836, 2.1743877050151514
"E", 76.49667405764966, 2.1967299131700564
"E", 69.77087952697707, 1.4914270239163194
"E", 70.80561714708055, 1.3762123186811337
"F", 95.41759053954175, 0.7638834819992919
"F", 94.45676274944566, 0.9935512262825608
"F", 95.34368070953435, 1.244850290279448
"F", 90.39172209903916, 12.171916521385894
"F", 91.27864005912785, 12.102604898359878
"F", 92.31337767923132, 11.964489429765916
"F", 93.49593495934958, 11.94077622247423
"F", 94.0872135994087, 11.802965420355106
"F", 95.12195121951218, 12.0312621655016
"F", 96.15668883961567, 11.824444406831299
"F", 97.11751662971174, 11.961188876288485
"F", 98.37398373983739, 11.937424891250995
"F", 99.26090169992607, 12.074220138453988
"F", 99.92609016999259, 12.119564665459285
"F", 96.96969696969694, 12.190298065367886
"F", 95.93495934959348, 12.168108190450399
"F", 94.0872135994087, 12.146476870736786
"F", 94.16112342941611, 12.489937543372658
"F", 93.71766444937175, 12.650547553358948
"F", 95.26977087952696, 12.46627511382678
"F", 96.08277900960827, 12.511518085340466
"F", 97.26533628972652, 12.693911748277788
"F", 95.34368070953435, 12.832636549821432
"F", 92.09164818920915, 11.575328785904098
"F", 92.5351071692535, 11.368917249200251
"F", 93.27420546932741, 11.551615578612413
"F", 93.56984478935696, 11.322404834041402
"F", 94.90022172949001, 11.229887781181768
"F", 94.53067257945305, 11.527851593574923
"F", 95.26977087952696, 11.8021529764222
"F", 95.56541019955652, 11.481339178416073
"F", 96.60014781966001, 11.526429816692339
"F", 96.4523281596452, 11.251722211878608
"F", 97.26533628972652, 11.434369763544964
"F", 97.78270509977825, 11.640121189553327
"F", 98.52180339985216, 11.387705015148695
"F", 98.89135254988912, 11.616458760007449
"F", 101.99556541019955, 11.29371540766067
"F", 100.96082779009608, 11.225724006025626
"F", 99.8521803399852, 11.134882618777612
"F", 98.96526237989652, 11.089690425009733
"F", 97.85661492978565, 11.044650564479275
"F", 96.5262379896526, 10.908159983751123
"F", 95.86104951958609, 11.023120800257274
"F", 94.9741315594974, 10.863424789695504
"F", 93.86548410938654, 10.90998798260016
"F", 92.75683665927568, 10.979451938863594
"F", 91.86991869918697, 11.117465851965946
"F", 91.05691056910568, 11.118024407169818
"F", 89.72653362897263, 11.256342986747008
"F", 89.13525498891352, 11.256749208713462
"F", 87.95269770879526, 11.303363179363924
"F", 85.51367331855135, 11.144733501464092
"F", 85.29194382852918, 10.984580491190062
"F", 86.03104212860309, 11.029874240449553
"F", 86.91796008869179, 10.960562617423538
"F", 87.80487804878048, 10.982854047832637
"F", 89.13525498891352, 10.95903928504934
"F", 89.9482631189948, 10.91267920312791
"F", 91.05691056910568, 10.866116010223253
"F", 92.16555801921655, 10.819552817318597
"F", 92.97856614929785, 10.750291972038388
"F", 92.23946784922394, 10.544692879267448
"F", 93.20029563932002, 10.452429715136846
"F", 94.0872135994087, 10.703728779133732
"F", 95.12195121951218, 10.54271254718099
"F", 95.71322985957131, 10.725512432084766
"F", 96.6740576496674, 10.587447741236607
"F", 97.41315594974131, 10.77014607064877
"F", 98.44789356984478, 10.7465344188487
"F", 99.55654101995563, 10.837375806096716
"F", 100.44345898004434, 10.92836952658215
"F", 101.69992609016998, 10.973307831620996
"F", 102.80857354028085, 10.972546165433897
"F", 103.62158167036216, 10.994888373588802
"F", 104.43458980044345, 10.971429055026151
"F", 105.09977827050996, 10.948071291955113
"F", 105.02586844050258, 11.10842741321237
"F", 101.47819660014781, 10.652849477835515
"F", 100.22172949002217, 10.539208882720335
"F", 99.40872135994086, 10.516866674565428
"F", 98.22616407982261, 10.494778355139555
"F", 97.48706577974868, 10.312080025727393
"F", 95.93495934959348, 10.381848648465667
"F", 95.19586104951958, 10.199150319053505
"F", 94.23503325942349, 10.268512719825324
"F", 92.90465631929045, 10.177823665814728
"F", 91.86991869918697, 10.247236844332358
"F", 90.98300073909829, 10.385250757434708
"F", 90.09608277900959, 10.500363907178281
"F", 88.91352549889133, 10.524077114469964
"F", 87.5092387287509, 10.616644945075405
"F", 85.88322246858831, 10.4574567119717
"F", 85.58758314855874, 10.572163639748819
"F", 85.51367331855135, 10.228702967112948
"F", 85.36585365853658, 10.091399942451888
"F", 85.36585365853658, 9.953995362299217
"F", 85.43976348854396, 9.885242294477074
"F", 85.51367331855135, 9.816489226654932
"F", 85.51367331855135, 9.701985409861038
"F", 85.51367331855135, 9.587481593067146
"F", 85.43976348854396, 9.495929317377836
"F", 85.43976348854396, 9.404326263942723
"F", 85.43976348854396, 9.335623973866387
"F", 85.43976348854396, 9.266921683790052
"F", 85.43976348854396, 9.198219393713716
"F", 85.43976348854396, 9.15241786699616
"F", 85.43976348854396, 9.083715576919822
"F", 85.51367331855135, 9.037863272456459
"F", 85.58758314855874, 8.946209441275537
"F", 85.36585365853658, 8.786056431001505
"F", 85.36585365853658, 8.71735414092517
"F", 85.29194382852918, 8.602901101877084
"F", 86.25277161862526, 8.579340227822819
"F", 85.80931263858092, 8.694148711091552
"F", 85.29194382852918, 8.259389651495404
"F", 85.58758314855874, 8.350789593947294
"F", 86.03104212860309, 8.190179583961003
"F", 86.25277161862526, 7.983920380494576
"F", 85.51367331855135, 7.892825104517527
"F", 85.51367331855135, 7.778321287723634
"F", 85.66149297856614, 7.732418205514463
"F", 85.43976348854396, 7.663868248675548
"F", 85.66149297856614, 7.595013625361792
"F", 85.73540280857353, 7.549161320898428
"F", 85.88322246858831, 7.411655185254143
"F", 85.43976348854396, 7.366158325011425
"F", 85.36585365853658, 7.297506812680896
"F", 85.43976348854396, 7.228753744858754
"F", 85.51367331855135, 7.137099913677833
"F", 85.51367331855135, 7.068397623601498
"F", 85.43976348854396, 6.908143057835853
"F", 85.36585365853658, 6.885293072222881
"F", 85.51367331855135, 6.679084646502261
"F", 85.51367331855135, 6.610382356425925
"F", 85.51367331855135, 6.495878539632031
"F", 85.51367331855135, 6.381374722838139
"F", 85.51367331855135, 6.243970142685466
"F", 85.43976348854396, 6.129517103637381
"F", 85.36585365853658, 6.0379648279480715
"F", 85.36585365853658, 5.900560247795401
"F", 85.36585365853658, 5.808957194360286
"F", 85.29194382852918, 5.694504155312201
"F", 85.29194382852918, 5.625801865235863
"F", 85.29194382852918, 5.488397285083192
"F", 85.36585365853658, 5.396743453902271
"F", 85.36585365853658, 5.2822396371083755
"F", 85.36585365853658, 5.167735820314483
"F", 85.36585365853658, 5.099033530238149
"F", 85.43976348854396, 4.984478935698448
"F", 85.36585365853658, 4.870025896650361
"F", 85.36585365853658, 4.824224369932804
"F", 85.29194382852918, 4.732672094243497
"F", 85.29194382852918, 4.572366750732046
"F", 85.29194382852918, 4.5265652240144885
"F", 85.36585365853658, 4.4807129195511255
"F", 85.36585365853658, 4.297506812680897
"F", 85.43976348854396, 4.182952218141198
"F", 85.51367331855135, 3.999695333525162
"F", 85.58758314855874, 3.976743792420576
"F", 85.51367331855135, 3.8393899900137107
"F", 85.51367331855135, 3.70198540986104
"F", 85.51367331855135, 3.6332831197847035
"F", 85.51367331855135, 3.5416800663495884
"F", 85.43976348854396, 3.381425500583946
"F", 85.43976348854396, 3.3127232105076097
"F", 85.36585365853658, 3.2440716981770805
"F", 85.29194382852918, 3.129618659128994
"F", 85.29194382852918, 3.0609163690526575
"F", 85.29194382852918, 2.9464125522587654
"F", 85.36585365853658, 2.8318579577190626
"F", 85.36585365853658, 2.648651850848836
"F", 85.36585365853658, 2.5341480340549403
"F", 85.36585365853658, 2.419644217261048
"F", 85.36585365853658, 2.3509419271847136
"F", 85.36585365853658, 2.2822396371083773
"F", 85.29194382852918, 2.144885834701512
"F", 85.21803399852179, 2.0533335590122057
"F", 86.770140428677, 10.411045852304465
"F", 86.03104212860309, 10.090942942739629
"F", 86.91796008869179, 9.998730556354834
"F", 86.10495195861049, 9.655777661177028
"F", 86.25277161862526, 9.357966182021293
"F", 86.62232076866222, 9.105803896345694
"F", 87.36141906873614, 9.334303752475416
"F", 87.06577974870656, 9.563514497046429
"F", 87.58314855875831, 9.837968213131125
"F", 88.17442719881743, 10.112371151470017
"F", 87.73096821877309, 10.3874849782502
"F", 87.13968957871396, 8.60163165823192
"F", 86.62232076866222, 7.594353514666307
"F", 86.62232076866222, 7.159239010849512
"F", 86.17886178861788, 6.884734517019009
"F", 86.8440502586844, 6.632369120360185
"F", 86.54841093865483, 6.266160017602953
"F", 86.770140428677, 5.968297760701411
"F", 85.9571322985957, 6.060459369340398
"F", 85.80931263858092, 5.762851001167888
"F", 85.80931263858092, 5.625446421015216
"F", 85.88322246858831, 5.396388009681626
"F", 86.32668144863266, 5.625090976794571
"F", 86.54841093865483, 5.281427193175471
"F", 86.69623059866962, 4.983615714019734
"F", 86.10495195861049, 4.800815829115962
"F", 86.25277161862526, 4.6633096934716765
"F", 86.54841093865483, 4.479900475618221
"F", 86.10495195861049, 4.251197508505273
"F", 86.8440502586844, 4.159086677612093
"F", 86.47450110864743, 3.9303329327533376
"F", 86.62232076866222, 3.7241245070327196
"F", 86.10495195861049, 3.426770027589244
"F", 86.54841093865483, 3.151656200809059
"F", 86.03104212860309, 2.854301721365582
"F", 86.32668144863266, 2.6479917401533513
"F", 86.770140428677, 2.3499771500143893
"F", 85.88322246858831, 2.32768571960529
"F", 86.17886178861788, 2.098474975034275
"F", 87.28750923872873, 2.097713308847176
"F", 89.43089430894307, 10.317614800020312
"F", 89.35698447893569, 9.997054890743216
"F", 90.02217294900221, 10.179803997901185
"F", 89.65262379896525, 9.790744909530982
"F", 88.69179600886916, 9.791405020226469
"F", 89.06134515890612, 9.539242734550871
"F", 87.73096821877309, 9.448553680540275
"F", 88.3961566888396, 9.287791337316566
"F", 88.61788617886178, 8.967028317056245
"F", 87.58314855875831, 8.990639968856318
"F", 89.43089430894307, 9.19547739544016
"F", 89.80044345898004, 8.80591052961189
"F", 89.2830746489283, 8.531456813527193
"F", 88.32224685883222, 8.577918450940235
"F", 89.50480413895048, 8.325197610060766
"F", 90.02217294900221, 8.027132242175995
"F", 89.35698447893569, 8.027589241888254
"F", 88.32224685883222, 8.119903183764663
"F", 87.13968957871396, 8.212318681132682
"F", 87.36141906873614, 7.960257950948698
"F", 87.5092387287509, 7.570843418357849
"F", 88.17442719881743, 7.845195578950933
"F", 88.69179600886916, 7.547130211066163
"F", 89.2091648189209, 7.317767133257731
"F", 88.3961566888396, 7.089318054873818
"F", 87.65705838876569, 7.204329649125778
"F", 87.28750923872873, 6.9297743775494665
"F", 88.02660753880264, 6.746060493221172
"F", 87.80487804878048, 6.517205192870804
"F", 87.43532889874352, 6.105245341141824
"F", 88.32224685883222, 6.310742878421152
"F", 88.10051736881005, 6.01318528799445
"F", 87.43532889874352, 5.761733890760144
"F", 87.43532889874352, 5.418222440378466
"F", 87.65705838876569, 5.074558656759367
"F", 88.10051736881005, 4.868147120055518
"F", 87.36141906873614, 4.708349554002133
"F", 87.58314855875831, 4.43338806045937
"F", 88.69179600886916, 4.3639241041959345
"F", 87.95269770879526, 4.112523484707436
"F", 87.5092387287509, 3.906721280953267
"F", 88.32224685883222, 3.860361199031839
"F", 87.5092387287509, 3.5632098305715907
"F", 88.61788617886178, 3.5853489277432704
"F", 87.06577974870656, 3.403209153534979
"F", 88.24833702882482, 3.356595182884515
"F", 87.58314855875831, 3.1280445490089885
"F", 88.54397634885439, 3.0586821482371676
"F", 87.21359940872135, 2.8534892774326774
"F", 88.24833702882482, 2.829877625632605
"F", 87.43532889874352, 2.5327262571723566
"F", 87.80487804878048, 2.303464734855538
"F", 88.17442719881743, 1.9138978690272683
"F", 89.2091648189209, 1.8902862172271995
"F", 88.83961566888395, 2.142448502902795
"F", 88.32224685883222, 2.6008192142990154
"F", 88.91352549889133, 2.7378175724852323
"F", 89.57871396895786, 3.057971259795874
"F", 89.2830746489283, 3.3558842944432232
"F", 90.09608277900959, 3.584333372827139
"F", 90.24390243902438, 3.2407203669538447
"F", 89.65262379896525, 3.767844146172205
"F", 89.13525498891352, 4.180413330850866
"F", 90.02217294900221, 4.088200944466072
"F", 89.57871396895786, 4.4320170613225915
"F", 89.06134515890612, 4.638479375772247
"F", 89.2830746489283, 4.958937729557727
"F", 88.83961566888395, 5.119547739544018
"F", 88.24833702882482, 5.440564648533369
"F", 88.32224685883222, 5.6924222677341305
"F", 89.06134515890612, 5.8522198337875135
"F", 89.43089430894307, 6.126775105363825
"F", 89.57871396895786, 6.4243834735363325
"F", 88.83961566888395, 6.5164943044295125
"F", 89.43089430894307, 6.859599532844738
"F", 90.02217294900221, 6.79049102080195
"F", 89.80044345898004, 7.157055567779827
"F", 90.16999260901699, 7.546114656150031
"F", 89.35698447893569, 7.752780081582912
"F", 90.61345158906133, 7.24810006601107
"F", 91.13082039911306, 7.522553782095767
"F", 90.61345158906133, 7.729016096545421
"F", 91.20473022912047, 7.957617508166755
"F", 91.13082039911306, 8.255378209576683
"F", 90.61345158906133, 8.461840524026337
"F", 90.68736141906872, 8.828201960020989
"F", 90.39172209903916, 9.103214231309558
"F", 90.02217294900221, 9.401178043702714
"F", 90.61345158906133, 9.652680218682825
"F", 91.13082039911306, 9.354614850798058
"F", 90.98300073909829, 10.018838543694251
"F", 91.79600886917959, 9.949577698414043
"F", 93.05247597930523, 9.834210659941437
"F", 93.20029563932002, 9.490597654068143
"F", 92.01773835920176, 9.583013151436164
"F", 92.31337767923132, 9.353802406865153
"F", 90.98300073909829, 7.01883854369425
"F", 91.79600886917959, 6.835073881620149
"F", 91.94382852919438, 7.155583013151436
"F", 90.90909090909089, 6.606675580982042
"F", 90.68736141906872, 6.354919517272897
"F", 90.46563192904655, 6.057361926846195
"F", 90.09608277900959, 5.759905891911107
"F", 89.50480413895048, 5.508403716930994
"F", 89.72653362897263, 5.302144513464565
"F", 90.24390243902438, 4.981178382221017
"F", 90.16999260901699, 4.706419999661483
"F", 90.76127124907612, 4.293800037237016
"F", 90.98300073909829, 4.476853810869825
"F", 91.13082039911306, 4.041637751561417
"F", 90.68736141906872, 3.7671332577309116
"F", 90.98300073909829, 3.4234186963660083
"F", 91.13082039911306, 3.102706453851493
"F", 90.53954175905395, 2.8512042788713803
"F", 90.02217294900221, 2.668353616221797
"F", 89.2091648189209, 2.394103011120327
"F", 89.72653362897263, 2.118938406594337
"F", 90.09608277900959, 1.8438753575599627
"F", 90.76127124907612, 2.0495252280767104
"F", 91.20473022912047, 1.7515106379377468
"F", 90.39172209903916, 2.3016875137523076
"F", 90.98300073909829, 2.576090452091199
"F", 91.20473022912047, 2.278228195189657
"F", 91.86991869918697, 2.0487635618896114
"F", 92.31337767923132, 1.7507489717506477
"F", 93.12638580931262, 1.6814881264704393
"F", 92.75683665927568, 1.9794519388635958
"F", 92.46119733924611, 2.2773649735109434
"F", 91.94382852919438, 2.5754303413957125
"F", 91.57427937915742, 2.8733941537888654
"F", 92.01773835920176, 3.285303227772042
"F", 91.7220990391722, 3.697720079213285
"F", 92.01773835920176, 3.9265246018178424
"F", 91.6481892091648, 4.316091467646116
"F", 91.86991869918697, 4.7052521115079315
"F", 91.27864005912785, 4.843062913627055
"F", 91.13082039911306, 5.186675919500347
"F", 90.53954175905395, 5.461891301772145
"F", 91.42645971914263, 5.529984258898802
"F", 90.98300073909829, 5.805098085678985
"F", 91.86991869918697, 5.896091806164421
"F", 91.35254988913523, 6.1712564106904075
"F", 91.6481892091648, 6.422961696653749
"F", 92.23946784922394, 6.239349367817065
"F", 92.5351071692535, 6.605558470574298
"F", 93.05247597930523, 6.971615240094109
"F", 93.05247597930523, 7.2464244003994525
"F", 92.31337767923132, 7.475939811445304
"F", 92.16555801921655, 7.727949763883482
"F", 92.16555801921655, 8.09436197762394
"F", 92.23946784922394, 8.552326467053707
"F", 91.7220990391722, 8.644284964709467
"F", 92.16555801921655, 8.827186405104857
"F", 91.50036954915002, 9.148254091840018
"F", 92.90465631929045, 9.124388551310911
"F", 93.20029563932002, 8.872277043381121
"F", 94.01330376940132, 8.963321541612363
"F", 93.71766444937175, 9.352837629694827
"F", 94.45676274944566, 9.466833669030652
"F", 94.01330376940132, 9.719046732452057
"F", 93.93939393939392, 9.993906670503208
"F", 94.8263118994826, 9.901694284118415
"F", 95.34368070953435, 9.672331206309982
"F", 95.86104951958609, 10.015487212471015
"F", 96.60014781966001, 10.129483251806843
"F", 96.15668883961567, 9.763375704541223
"F", 97.41315594974131, 9.899917063015184
"F", 97.78270509977825, 10.082869281156379
"F", 98.66962305986695, 10.21966452835937
"F", 99.63045084996303, 10.28770670774022
"F", 100.96082779009608, 10.35549499839204
"F", 101.92165558019215, 10.40063641441411
"F", 103.10421286031041, 10.399823970481204
"F", 103.62158167036216, 10.605575396489566
"F", 103.47376201034736, 10.124760921446828
"F", 103.99113082039909, 10.193107767302518
"F", 104.87804878048779, 10.352803777864288
"F", 105.09977827050996, 10.444254498061984
"F", 105.17368810051737, 9.963287689781826
"F", 103.99113082039909, 9.757993263485723
"F", 103.54767184035475, 9.575091823090334
"F", 102.88248337028823, 9.827457219749158
"F", 102.36511456023649, 10.07972106091637
"F", 101.03473762010347, 9.989032006905774
"F", 100.29563932002954, 9.966639021005061
"F", 99.26090169992607, 9.921548382728798
"F", 98.37398373983739, 9.784753135525804
"F", 98.52180339985216, 9.441140129652512
"F", 97.70879526977087, 9.258492577986155
"F", 97.41315594974131, 9.556405612633505
"F", 96.74796747967477, 9.488160322269426
"F", 96.82187730968218, 9.190399620859498
"F", 95.7871396895787, 9.122408219224454
"F", 95.56541019955652, 9.488972766202332
"F", 94.8263118994826, 9.260472910072613
"F", 94.90022172949001, 8.916910681945126
"F", 94.30894308943087, 8.688309270323792
"F", 93.71766444937175, 8.505509385420018
"F", 93.49593495934958, 8.093447978199421
"F", 92.97856614929785, 7.88769655219106
"F", 93.64375461936437, 7.864338789120022
"F", 93.3481152993348, 7.6813357932330195
"F", 94.45676274944566, 8.069887104145156
"F", 94.53067257945305, 8.459149303498588
"F", 94.9741315594974, 8.642050743893977
"F", 95.26977087952696, 8.298336182529072
"F", 96.08277900960827, 8.45808297083665
"F", 96.08277900960827, 8.847395947935885
"F", 96.96969696969694, 8.892588141703763
"F", 97.04360679970435, 8.617728203652613
"F", 97.85661492978565, 8.708772701883856
"F", 98.07834441980782, 9.052131819028116
"F", 98.89135254988912, 9.074474027183019
"F", 98.89135254988912, 8.799664866877677
"F", 99.18699186991869, 9.349080076505139
"F", 100.22172949002217, 9.142262317834838
"F", 100, 8.798903200690578
"F", 100.36954915003693, 9.371168395931011
"F", 100, 9.60042991824783
"F", 100.88691796008867, 9.714324402092043
"F", 101.5521064301552, 9.461959005433219
"F", 101.25646711012564, 9.256055246187438
"F", 100.96082779009608, 8.935647670147763
"F", 102.06947524020694, 9.003588294037002
"F", 102.21729490022172, 9.255395135491952
"F", 102.51293422025128, 9.552901948172849
"F", 101.99556541019955, 9.805165789340059
"F", 103.32594235033258, 9.277534232663632
"F", 103.10421286031041, 9.025778168954487
"F", 104.06504065040649, 9.025118058259
"F", 104.87804878048779, 9.024559503055128
"F", 105.02586844050258, 9.253465581151302
"F", 104.43458980044345, 9.345474856552869
"F", 105.02586844050258, 9.482473214739088
"F", 105.09977827050996, 9.619827017145951
"F", 105.09977827050996, 8.772498772871142
"F", 104.730229120473, 8.589546554729948
"F", 103.76940133037692, 8.521504375349098
"F", 102.88248337028823, 8.545014471657556
"F", 101.77383592017738, 8.522875374485876
"F", 100.7390983000739, 8.523586262927168
"F", 99.92609016999259, 8.524144818131042
"F", 98.89135254988912, 8.479054179854776
"F", 98.59571322985956, 8.20444813053266
"F", 97.85661492978565, 8.342360488143397
"F", 97.85661492978565, 8.090452091196832
"F", 97.04360679970435, 8.205514463194598
"F", 96.82187730968218, 7.862155346050338
"F", 96.08277900960827, 8.000067703661076
"F", 96.08277900960827, 7.77106007007329
"F", 95.19586104951958, 7.909073983175642
"F", 95.26977087952696, 7.588412518406934
"F", 94.38285291943828, 7.680624904791728
"F", 94.8263118994826, 7.313908024576429
"F", 93.93939393939392, 7.474822701037559
"F", 93.64375461936437, 7.085712834921549
"F", 94.30894308943087, 6.924950491697839
"F", 94.30894308943087, 6.558538277957382
"F", 93.3481152993348, 6.788206022240653
"F", 93.42202512934219, 6.467544557471946
"F", 93.79157427937915, 6.192481508437568
"F", 93.05247597930523, 5.986882415666628
"F", 92.5351071692535, 5.643726409505595
"F", 93.20029563932002, 5.7348724632284505
"F", 93.20029563932002, 5.437162539564328
"F", 92.31337767923132, 5.3232680557201135
"F", 93.05247597930523, 5.162454934750597
"F", 91.6481892091648, 5.048915895127031
"F", 92.75683665927568, 4.9107496487872595
"F", 94.45676274944566, 1.7721771804810338
"F", 93.86548410938654, 1.9328887459589392
"F", 93.49593495934958, 2.1621502682757594
"F", 92.97856614929785, 2.4831163995193055
"F", 92.5351071692535, 2.73532946294071
"F", 93.27420546932741, 2.8264247389177566
"F", 92.90465631929045, 3.009884734517019
"F", 93.3481152993348, 3.307289991706302
"F", 92.68292682926828, 3.5138538616475685
"F", 93.64375461936437, 3.581896041028422
"F", 92.90465631929045, 3.7427091619979347
"F", 93.3481152993348, 3.971412129110883
"F", 92.31337767923132, 4.201130651139961
"F", 92.68292682926828, 4.429884395998714
"F", 93.64375461936437, 4.314720468509337
"F", 93.42202512934219, 4.704185778845993
"F", 93.86548410938654, 5.047392562752833
"F", 94.01330376940132, 5.345000930925339
"F", 94.23503325942349, 5.596756994634486
"F", 94.16112342941611, 5.871616932685635
"F", 94.67849223946784, 6.100269122052776
"F", 95.12195121951218, 6.397674379242057
"F", 95.26977087952696, 6.649481220697011
"F", 95.34368070953435, 7.03874342005044
"F", 95.7871396895787, 7.267446387163386
"F", 96.30450849963044, 6.854877202484724
"F", 96.30450849963044, 7.381594759736634
"F", 96.6740576496674, 7.014928657267141
"F", 97.33924611973391, 7.335082344577783
"F", 97.56097560975608, 7.632639935004486
"F", 98.22616407982261, 7.792488278803677
"F", 98.44789356984478, 7.494626021902135
"F", 98.96526237989652, 7.6087743944753825
"F", 99.33481152993346, 7.929131192769249
"F", 99.7782705099778, 8.112032633164638
"F", 100.22172949002217, 7.76821651630812
"F", 100.22172949002217, 7.516308119361555
"F", 101.10864745011084, 7.5385995497706535
"F", 101.62601626016257, 7.7443509757790165
"F", 101.03473762010347, 7.9966655946920335
"F", 101.69992609016998, 8.179414701850003
"F", 102.43902439024389, 8.018601580880485
"F", 103.03030303030302, 8.247202992501819
"F", 103.99113082039909, 8.200741355088777
"F", 104.28677014042866, 7.87992755708265
"F", 103.84331116038433, 7.605423063252147
"F", 103.39985218033996, 7.834735363314772
"F", 102.58684405025868, 7.560484758213302
"F", 101.92165558019215, 7.354834887696553
"F", 101.62601626016257, 7.011526548298099
"F", 100.88691796008867, 7.218141195985174
"F", 100.07390983000737, 7.035493644318818
"F", 99.11308203991129, 7.288062151960868
"F", 99.0391722099039, 7.03620453276011
"F", 98.22616407982261, 7.219969194834212
"F", 97.70879526977087, 6.945515478749514
"F", 98.30007390982999, 6.761903149912833
"F", 97.26533628972652, 6.671010984919011
"F", 97.78270509977825, 6.464548670469355
"F", 97.11751662971174, 6.396303380105278
"F", 96.00886917960086, 6.580271153162608
"F", 96.82187730968218, 6.098796567424385
"F", 96.15668883961567, 6.259558910648094
"F", 96.60014781966001, 5.801238976997682
"F", 95.86104951958609, 5.9849528613259775
"F", 96.00886917960086, 5.526836038658791
"F", 95.34368070953435, 5.733399908600058
"F", 95.19586104951958, 5.43579154042755
"F", 95.71322985957131, 5.252229989336675
"F", 94.75240206947522, 5.092584756520711
"F", 95.86104951958609, 4.931517746822161
"F", 94.53067257945305, 4.817927929452786
"F", 95.34368070953435, 4.6341632673786854
"F", 94.45676274944566, 4.520268783534469
"F", 95.04804138950479, 4.33665645469779
"F", 95.7871396895787, 4.152942570369493
"F", 95.12195121951218, 3.924391936493965
"F", 94.30894308943087, 4.199759652003182
"F", 94.16112342941611, 3.8792505204718957
"F", 94.75240206947522, 3.6498366649176575
"F", 95.7871396895787, 3.5575227230412505
"F", 94.38285291943828, 3.3752813933413464
"F", 95.34368070953435, 3.3059189925695236
"F", 93.93939393939392, 3.1007768995108425
"F", 94.9741315594974, 3.054264484351993
"F", 94.45676274944566, 2.7798107682672946
"F", 93.64375461936437, 2.482659399807046
"F", 94.53067257945305, 2.2072409065520233
"F", 95.04804138950479, 2.5045953859955006
"F", 95.71322985957131, 2.229329225977896
"F", 95.41759053954175, 2.000524703373337
"F", 95.34368070953435, 1.6341632673786837
"F", 96.23059866962303, 1.679355461146562
"F", 96.30450849963044, 1.9770146070648789
"F", 96.74796747967477, 2.2515191008953828
"F", 96.15668883961567, 2.5038337198084015
"F", 95.56541019955652, 2.6874460486450804
"F", 95.7871396895787, 2.985003639071783
"F", 96.15668883961567, 3.2595589106480958
"F", 96.74796747967477, 3.5110610856282065
"F", 97.11751662971174, 3.762715593845737
"F", 96.15668883961567, 3.83207799461756
"F", 96.6740576496674, 4.014928657267143
"F", 96.08277900960827, 4.404647856332833
"F", 96.37841832963784, 4.702154669013728
"F", 96.5262379896526, 4.999763037186236
"F", 96.5262379896526, 5.3661752509266964
"F", 97.33924611973391, 5.159509825493814
"F", 98.30007390982999, 5.342055821668557
"F", 97.11751662971174, 5.640578189265584
"F", 97.63488543976348, 5.800528088556391
"F", 98.30007390982999, 5.6626665086914585
"F", 98.66962305986695, 5.960122543626547
"F", 97.85661492978565, 6.166787969059428
"F", 105.39541759053954, 8.268478867994787
"F", 105.24759793052475, 8.131175843333729
"F", 104.95195861049517, 8.291684297828407
"F", 105.09977827050996, 7.99387281867267
"F", 104.80413895048041, 7.856671349503225
"F", 105.09977827050996, 7.719063658367326
"F", 104.95195861049517, 7.55885987034749
"F", 104.95195861049517, 7.53595910698871
"F", 105.24759793052475, 7.421252179211592
"F", 105.02586844050258, 7.329801459013897
"F", 104.87804878048779, 7.192498434352839
"F", 105.02586844050258, 7.12369458878489
"F", 105.02586844050258, 7.054992298708554
"F", 104.95195861049517, 6.871836969584131
"F", 104.95195861049517, 6.826035442866574
"F", 105.17368810051737, 6.780081582911597
"F", 105.09977827050996, 6.642727780504732
"F", 105.02586844050258, 6.551175504815424
"F", 105.02586844050258, 6.459572451380309
"F", 105.02586844050258, 6.3679693979451955
"F", 105.17368810051737, 6.276264789018468
"F", 105.09977827050996, 6.184712513329158
"F", 105.02586844050258, 6.093160237639852
"F", 105.02586844050258, 6.001557184204737
"F", 105.02586844050258, 5.841251840693287
"F", 105.09977827050996, 5.749598009512365
"F", 105.17368810051737, 5.703745705049002
"F", 105.17368810051737, 5.58924188825511
"F", 105.09977827050996, 5.474788849207021
"F", 105.09977827050996, 5.406086559130687
"F", 105.09977827050996, 5.291582742336791
"F", 105.09977827050996, 5.177078925542899
"F", 105.09977827050996, 5.062575108749007
"F", 105.09977827050996, 4.925170528596334
"F", 105.09977827050996, 4.764865185084885
"F", 105.17368810051737, 4.673211353903964
"F", 105.24759793052475, 4.558656759364263
"F", 105.24759793052475, 4.444152942570371
"F", 105.09977827050996, 4.306849917909313
"F", 105.09977827050996, 4.215246864474196
"F", 105.09977827050996, 4.054941520962746
"F", 105.17368810051737, 3.986188453140606
"F", 105.17368810051737, 3.917486163064268
"F", 105.17368810051737, 3.802982346270376
"F", 105.24759793052475, 3.7113285150894555
"F", 105.24759793052475, 3.5968246982955616
"F", 105.24759793052475, 3.5052216448604465
"F", 105.17368810051737, 3.4136693691711404
"F", 105.17368810051737, 3.3220663157360253
"F", 105.17368810051737, 3.2533640256596907
"F", 105.17368810051737, 3.1846617355833526
"F", 105.24759793052475, 3.0701071410436533
"F", 105.17368810051737, 2.9327533386367897
"F", 105.17368810051737, 2.886951811919232
"F", 105.24759793052475, 2.7265956906619735
"F", 105.17368810051737, 2.6121426516138886
"F", 105.17368810051737, 2.5205395981787717
"F", 105.17368810051737, 2.4289365447436584
"F", 105.24759793052475, 2.337282713562738
"F", 105.24759793052475, 2.2456796601276228
"F", 105.24759793052475, 2.176977370051288
"F", 105.24759793052475, 2.0853743166161713
"F", 104.21286031042126, 2.086085205057463
"F", 104.65631929046562, 2.2918874088116326
"F", 103.76940133037692, 2.269595978402533
"F", 103.69549150036953, 1.9490360691254391
"F", 104.21286031042126, 2.6128027623093733
"F", 104.50849963045083, 2.841607284913932
"F", 104.730229120473, 3.1620656386994135
"F", 104.43458980044345, 3.4141771466292052
"F", 104.730229120473, 3.6658824325925448
"F", 104.65631929046562, 3.917841607284913
"F", 104.06504065040649, 3.8724463025338114
"F", 104.36067997043607, 4.147052351855928
"F", 104.730229120473, 4.513210676867352
"F", 104.21286031042126, 4.696772227958228
"F", 104.50849963045083, 4.971378277280344
"F", 104.28677014042866, 5.498248167769674
"F", 103.84331116038433, 5.773361994549857
"F", 103.99113082039909, 6.0251688360048075
"F", 104.21286031042126, 6.414329479866625
"F", 104.21286031042126, 6.620436350095632
"F", 104.1389504804139, 7.124303921734569
"F", 103.47376201034736, 7.307967028317057
"F", 103.54767184035475, 6.895702510113235
"F", 103.03030303030302, 7.102164824562889
"F", 102.58684405025868, 6.758958040656049
"F", 103.25203252032519, 6.506592643997225
"F", 101.47819660014781, 6.668116653408035
"F", 100.81300813008127, 6.851779759990522
"F", 99.63045084996303, 6.760989150488314
"F", 100.29563932002954, 6.623127570623383
"F", 99.33481152993346, 6.509283864524974
"F", 100.07390983000737, 6.256867690120345
"F", 98.81744271988173, 6.37223472859295
"F", 99.48263118994826, 6.096968568575347
"F", 100.88691796008867, 6.164706081481356
"F", 101.40428677014042, 6.37045750748972
"F", 102.29120473022911, 6.461451227975154
"F", 103.17812269031779, 6.300536551514025
"F", 102.29120473022911, 6.163741304311031
"F", 103.10421286031041, 5.934175115519372
"F", 102.43902439024389, 5.751426008361403
"F", 101.62601626016257, 5.912289907076728
"F", 101.10864745011084, 5.683637717709587
"F", 100.5912786400591, 5.86719926880046
"F", 99.48263118994826, 5.822159408270004
"F", 100.14781966001476, 5.546893248252401
"F", 99.92609016999259, 5.295137184543254
"F", 99.18699186991869, 5.50175183223033
"F", 100.81300813008127, 5.40903166838747
"F", 101.84774575018474, 5.477023070022513
"F", 102.80857354028085, 5.499263722685805
"F", 103.9172209903917, 5.246593659552142
"F", 103.47376201034736, 4.949188402362859
"F", 103.03030303030302, 5.201401465784263
"F", 102.43902439024389, 4.8811970007278145
"F", 101.77383592017738, 5.156463160745417
"F", 101.5521064301552, 4.858905570318715
"F", 100.81300813008127, 5.088420981364569
"F", 100.44345898004434, 4.7909649464294795
"F", 99.7782705099778, 4.997528816370744
"F", 99.0391722099039, 5.20414346405782
"F", 98.59571322985956, 4.952539733586095
"F", 97.70879526977087, 4.861546013100659
"F", 99.11308203991129, 4.746077419136441
"F", 98.44789356984478, 4.700732892131143
"F", 97.56097560975608, 4.586838408286928
"F", 97.11751662971174, 4.312333914456426
"F", 98.00443458980043, 4.380426871583081
"F", 98.96526237989652, 4.471369814322712
"F", 100, 4.562261979316531
"F", 101.10864745011084, 4.60730183984699
"F", 102.21729490022172, 4.65234170037745
"F", 103.25203252032519, 4.674531575294935
"F", 103.9172209903917, 4.3763646519185535
"F", 102.73466371027345, 4.422978622569017
"F", 103.17812269031779, 4.216567085865169
"F", 102.88248337028823, 3.873258746466716
"F", 103.54767184035475, 3.6208933498078917
"F", 103.25203252032519, 3.3233865371269964
"F", 103.99113082039909, 3.070970362722365
"F", 103.47376201034736, 2.704913593202553
"F", 102.95639320029562, 2.476261403835414
"F", 102.88248337028823, 2.109899967840761
"F", 102.36511456023649, 1.8583470151148447
"F", 97.70879526977087, 4.1287215856197435
"F", 98.52180339985216, 4.219766083850985
"F", 99.70436067997043, 4.287655929994417
"F", 100.88691796008867, 4.355545776137845
"F", 101.62601626016257, 4.400839525397338
"F", 102.29120473022911, 4.125573365379735
"F", 101.10864745011084, 4.10348504595386
"F", 101.92165558019215, 3.782315803727087
"F", 100.29563932002954, 3.9666390210050633
"F", 100.7390983000739, 3.737326720942436
"F", 101.33037694013301, 3.4163098119530826
"F", 102.14338507021432, 3.232545149878982
"F", 102.80857354028085, 3.003080516578935
"F", 101.69992609016998, 2.9351398926896994
"F", 102.21729490022172, 2.7286775782400436
"F", 101.84774575018474, 2.339618489869842
"F", 101.62601626016257, 2.1107631895194743
"F", 101.33037694013301, 1.7903556134797984
"F", 100.51736881005174, 1.7222118786073377
"F", 100.5912786400591, 2.0885733146019874
"F", 99.48263118994826, 1.997731927353973
"F", 99.40872135994086, 1.7916758348707713
"F", 98.22616407982261, 1.6779844620097837
"F", 98.22616407982261, 1.9985951490326848
"F", 97.41315594974131, 1.9762529408777798
"F", 97.41315594974131, 1.747245307289992
"F", 97.78270509977825, 2.3195105025304255
"F", 97.33924611973391, 2.5030212758754953
"F", 96.74796747967477, 2.778236658147291
"F", 97.04360679970435, 3.029941944110629
"F", 97.41315594974131, 3.281596452328161
"F", 97.85661492978565, 3.5102994194411075
"F", 98.22616407982261, 3.784854691017417
"F", 99.0391722099039, 3.944601479324996
"F", 99.63045084996303, 3.7609891504883137
"F", 99.11308203991129, 3.578138487838732
"F", 99.70436067997043, 3.2342208154906
"F", 100.44345898004434, 3.439819908261539
"F", 101.03473762010347, 3.233306816066081
"F", 100.22172949002217, 3.073560027758502
"F", 100.88691796008867, 2.889896921176014
"F", 101.47819660014781, 2.5230784854691013
"F", 100.81300813008127, 2.2716270882347978
"F", 100.51736881005174, 2.6153416495997046
"F", 99.92609016999259, 2.7989539784363853
"F", 99.40872135994086, 3.0741185829623756
"F", 98.66962305986695, 3.2578324672906707
"F", 98.22616407982261, 3.0291295001777225
"F", 98.81744271988173, 2.7997156446234843
"F", 99.18699186991869, 2.547553358947887
"F", 100.14781966001476, 2.3407863780233935
"F", 99.0391722099039, 2.2728457541341562
"F", 98.30007390982999, 2.525261928538786
"F", 97.78270509977825, 2.7775257697059974
